{
	"info": {
		"_postman_id": "8092ae58-5364-42e4-9cad-c9b4a55c6e0d",
		"name": "Individual Project",
		"schema": "https://schema.getpostman.com/json/collection/v2.1.0/collection.json",
		"_exporter_id": "27369729"
	},
	"item": [
		{
			"name": "Get Products",
			"request": {
				"method": "GET",
				"header": [],
				"url": {
					"raw": "http://localhost:3000/collection/products",
					"protocol": "http",
					"host": [
						"localhost"
					],
					"port": "3000",
					"path": [
						"collection",
						"products"
					]
				}
			},
			"response": []
		},
		{
			"name": "orders post request",
			"request": {
				"method": "POST",
				"header": [],
				"body": {
					"mode": "raw",
					"raw": "{\r\n    \"name\": \"pablo terere\",\r\n    \"number\": \"615236512736812\",\r\n    \"order\":\"\"\r\n}",
					"options": {
						"raw": {
							"language": "json"
						}
					}
				},
				"url": {
					"raw": "localhost:3000/collection/orders",
					"host": [
						"localhost"
					],
					"port": "3000",
					"path": [
						"collection",
						"orders"
					]
				}
			},
			"response": []
		}
	]
}