[{
  "_id": {
    "$oid": "647a1ae0540dfee905d4a5f7"
  },
  "name": "Greyhound",
  "number": {
    "$numberLong": "1232312312323223"
  }
},
{
  "_id": {
    "$oid": "647a1da2cdec213c1cd901fb"
  },
  "name": "dadsa ADSa",
  "number": "123123231",
  "order": {
    "6478fd7f540dfee905d4a5db": 1,
    "6478fe7b540dfee905d4a5dd": 1
  }
},
{
  "_id": {
    "$oid": "647a1ef75df286674c9361ba"
  },
  "name": "dadasda",
  "number": "323423",
  "order": {
    "6478fd7f540dfee905d4a5db": 1
  }
},
{
  "_id": {
    "$oid": "647a1f715df286674c9361bb"
  },
  "name": "dsfasdfasf ",
  "number": "122313213123",
  "order": {
    "6478fd7f540dfee905d4a5db": 1,
    "6478fe7b540dfee905d4a5dd": 1
  }
},
{
  "_id": {
    "$oid": "647a1fff5df286674c9361bc"
  },
  "name": "sdadas",
  "number": "341321321323123",
  "order": {
    "6478fd7f540dfee905d4a5db": 1,
    "6478fe7b540dfee905d4a5dd": 1
  }
},
{
  "_id": {
    "$oid": "647a22a85df286674c9361bd"
  },
  "name": "janne",
  "number": "1321434214",
  "order": {
    "6478fd7f540dfee905d4a5db": 1,
    "6478fe7b540dfee905d4a5dd": 1
  }
},
{
  "_id": {
    "$oid": "647a29075df286674c9361be"
  },
  "name": "saadsASD",
  "number": "3432412341243",
  "order": {
    "6478fd7f540dfee905d4a5db": 1,
    "6478fe7b540dfee905d4a5dd": 1
  }
},
{
  "_id": {
    "$oid": "647a29ce5df286674c9361bf"
  },
  "name": "pablo terere",
  "number": "615236512736812",
  "order": ""
},
{
  "_id": {
    "$oid": "647a2a4d5df286674c9361c0"
  },
  "name": "vgjhbhbjhh",
  "number": "898797979756",
  "order": {
    "6478fd7f540dfee905d4a5db": 1,
    "6478fe7b540dfee905d4a5dd": 1
  }
},
{
  "_id": {
    "$oid": "647a2b0f3ad69a53983e886d"
  },
  "name": "dsfads",
  "number": "32431242134",
  "order": {
    "6478fd7f540dfee905d4a5db": 1,
    "6478fe7b540dfee905d4a5dd": 1
  }
}]